id,first_name,last_name,email,gender,ip_address
1,Iggy,Gillbey,igillbey0@ucoz.com,Male,45.57.234.251
2,Brandyn,Spadaro,bspadaro1@pollos.com,Male,249.112.158.230
3,Dell,Meo,dmeo2@discuz.net,Male,60.99.251.65
4,Deina,Ridges,dridges3@ocn.ne.jp,Female,171.111.95.75
5,Corney,Dowding,cdowding4@netvibes.com,Male,149.115.94.244
6,Neel,MacNeilley,nmacneilley5@devhub.com,Male,40.49.115.243
7,Halli,Capelow,hcapelow6@google.fr,Female,240.48.2.65
8,Jean,Vallantine,jvallantine7@epa.gov,Female,45.198.73.21
9,Felike,Angood,fangood8@t.co,Male,251.115.239.162
10,Susanne,Phoebe,sphoebe9@apache.org,Female,196.72.122.251
11,Kris,McVittie,kmcvittiea@dropbox.com,Male,26.231.150.29
12,Damaris,Grigorushkin,dgrigorushkinb@unc.edu,Female,132.129.8.97
13,Berni,Britner,bbritnerc@nytimes.com,Female,111.217.231.198
14,Giffie,De Bruyn,gdebruynd@reddit.com,Male,172.61.223.77
15,Chloette,Petrashkov,cpetrashkove@mozilla.com,Female,150.82.17.185
16,Gabi,Burn,gburnf@sina.com.cn,Female,114.112.217.10
17,Pietro,Quilleash,pquilleashg@telegraph.co.uk,Male,187.165.221.167
18,Dorene,Hallgarth,dhallgarthh@google.co.jp,Female,180.154.101.166
19,Conrade,Grichukhanov,cgrichukhanovi@mit.edu,Male,140.168.202.141
20,Gail,Rayment,graymentj@wikia.com,Female,250.33.27.98
21,Willi,Dowzell,wdowzellk@w3.org,Female,38.83.22.160
22,Alis,Stoffler,astofflerl@ehow.com,Female,172.98.189.217
23,Wally,Physick,wphysickm@amazon.co.uk,Male,115.222.40.89
24,Port,Thebeau,pthebeaun@gizmodo.com,Male,106.175.186.21
25,Katherine,Itzhaiek,kitzhaieko@va.gov,Female,152.175.11.11
26,Celinka,Gocke,cgockep@who.int,Female,108.78.112.123
27,Honey,Ligoe,hligoeq@sohu.com,Female,38.11.183.171
28,Prisca,Masseo,pmasseor@chronoengine.com,Female,170.205.208.219
29,Lannie,Lammerts,llammertss@vinaora.com,Male,215.181.80.228
30,Price,Wilks,pwilkst@mlb.com,Male,5.69.134.84
31,May,Giorio,mgioriou@usda.gov,Female,53.60.194.185
32,Bert,Chinnock,bchinnockv@gnu.org,Male,13.34.57.247
33,Lin,Franklin,lfranklinw@tuttocitta.it,Male,6.138.86.196
34,Ignazio,Lerohan,ilerohanx@army.mil,Male,222.36.89.212
35,Louisette,Stourton,lstourtony@amazonaws.com,Female,127.202.169.174
36,Carey,Cutchee,ccutcheez@sun.com,Male,76.126.171.199
37,Aida,Oxley,aoxley10@ucsd.edu,Female,87.84.109.139
38,Quint,MacBrearty,qmacbrearty11@pagesperso-orange.fr,Male,88.43.9.0
39,Christoforo,Penney,cpenney12@loc.gov,Male,106.220.192.103
40,Donall,Millichap,dmillichap13@g.co,Male,155.68.160.150
41,Bev,Hunnicot,bhunnicot14@google.com,Male,136.49.14.104
42,Reina,Keavy,rkeavy15@liveinternet.ru,Female,30.131.180.52
43,Marylou,Condell,mcondell16@hatena.ne.jp,Female,212.86.214.112
44,Ari,Charville,acharville17@hc360.com,Male,1.218.33.19
45,Mavra,Khrishtafovich,mkhrishtafovich18@meetup.com,Female,200.222.171.8
46,Yoshiko,Grinter,ygrinter19@yahoo.com,Female,164.42.166.149
47,Anthiathia,Ayrton,aayrton1a@rediff.com,Female,167.128.253.168
48,Berrie,Boone,bboone1b@w3.org,Female,221.56.17.137
49,Fields,Myderscough,fmyderscough1c@usgs.gov,Male,69.147.29.190
50,Herminia,Tredger,htredger1d@webs.com,Female,158.32.29.101
51,Dona,Walden,dwalden1e@webnode.com,Female,248.28.137.139
52,Charil,Brennand,cbrennand1f@exblog.jp,Female,69.188.167.29
53,Brigitte,Klisch,bklisch1g@pbs.org,Female,218.17.190.205
54,Amity,Lennox,alennox1h@nhs.uk,Female,166.91.197.130
55,Maryanne,Newgrosh,mnewgrosh1i@patch.com,Female,235.153.10.254
56,Lazarus,Mackilpatrick,lmackilpatrick1j@phoca.cz,Male,235.93.53.30
57,Elie,Helsdon,ehelsdon1k@addtoany.com,Female,227.40.164.90
58,Gordan,Hammill,ghammill1l@networkadvertising.org,Male,9.105.164.192
59,Miguela,Enticknap,menticknap1m@yolasite.com,Female,41.151.91.77
60,Myca,Lenormand,mlenormand1n@si.edu,Male,240.64.76.187
61,Blinny,Austing,bausting1o@bloomberg.com,Female,48.246.190.93
62,Onida,Hazart,ohazart1p@un.org,Female,9.85.89.112
63,Arman,Gamlyn,agamlyn1q@reverbnation.com,Male,103.139.124.214
64,Tam,Reynish,treynish1r@icq.com,Male,13.165.7.168
65,Dyanne,Tubb,dtubb1s@buzzfeed.com,Female,112.165.112.191
66,Craggie,McHenry,cmchenry1t@addtoany.com,Male,49.13.8.85
67,Marcelline,Handover,mhandover1u@hubpages.com,Female,61.115.3.69
68,Florella,Stratton,fstratton1v@ox.ac.uk,Female,215.200.188.56
69,Antonius,Siret,asiret1w@stanford.edu,Male,196.191.39.213
70,Darnall,Pashler,dpashler1x@ovh.net,Male,122.12.66.73
71,Amandie,Bygrove,abygrove1y@cdbaby.com,Female,220.198.13.60
72,Viki,Mewburn,vmewburn1z@lycos.com,Female,186.37.66.107
73,Worthy,Ashfull,washfull20@bloglovin.com,Male,234.154.132.130
74,Jodie,Cavan,jcavan21@hc360.com,Male,186.116.128.198
75,Freddy,Haye,fhaye22@barnesandnoble.com,Male,116.51.7.25
76,Letty,Doorey,ldoorey23@i2i.jp,Female,43.71.30.249
77,Ellwood,Falkous,efalkous24@hc360.com,Male,233.60.43.106
78,Stevy,Keele,skeele25@technorati.com,Male,111.238.176.41
79,Goldarina,Edginton,gedginton26@etsy.com,Female,8.10.188.128
80,Lem,Kleinstern,lkleinstern27@zimbio.com,Male,113.173.52.138
81,Fielding,Britee,fbritee28@yahoo.com,Male,97.162.128.129
82,Judd,Jump,jjump29@apple.com,Male,23.1.249.254
83,Godfrey,Giacomuzzo,ggiacomuzzo2a@marketwatch.com,Male,177.60.165.78
84,Cordell,Passmore,cpassmore2b@java.com,Male,107.42.56.117
85,Flora,Boraston,fboraston2c@pollos.com,Female,224.39.16.72
86,Heidi,Dron,hdron2d@mlb.com,Female,30.161.194.55
87,Prudi,Loggie,ploggie2e@unicef.org,Female,200.182.49.7
88,Kalindi,Bonnette,kbonnette2f@indiatimes.com,Female,59.160.232.245
89,Lindsey,Hawkyens,lhawkyens2g@ca.gov,Male,135.116.40.176
90,Annmarie,Simcock,asimcock2h@ebay.co.uk,Female,184.137.94.225
91,Catlin,Lampke,clampke2i@va.gov,Female,52.9.152.47
92,Reese,Aikenhead,raikenhead2j@biblegateway.com,Male,221.176.247.0
93,Andie,Canadine,acanadine2k@360.cn,Female,112.161.97.13
94,Therese,Darlington,tdarlington2l@flavors.me,Female,79.199.16.57
95,Vincent,Haldane,vhaldane2m@sciencedirect.com,Male,164.45.67.253
96,Averil,Makeswell,amakeswell2n@bigcartel.com,Male,161.225.13.102
97,Tim,Blenkhorn,tblenkhorn2o@economist.com,Female,30.174.111.234
98,Richardo,Whitechurch,rwhitechurch2p@reverbnation.com,Male,111.132.211.115
99,Matilda,Willishire,mwillishire2q@wisc.edu,Female,180.161.130.180
100,Clayborn,Fruen,cfruen2r@addtoany.com,Male,48.168.232.13
101,Judon,Benns,jbenns2s@linkedin.com,Male,107.191.61.99
102,Bessie,McGloin,bmcgloin2t@multiply.com,Female,94.145.35.77
103,Dolli,Molyneux,dmolyneux2u@ucoz.ru,Female,76.109.38.131
104,Titos,Votier,tvotier2v@purevolume.com,Male,192.139.104.129
105,Cynthie,Duckhouse,cduckhouse2w@spiegel.de,Female,151.177.223.14
106,Myranda,Benoix,mbenoix2x@usa.gov,Female,43.23.198.204
107,Heinrik,Houseman,hhouseman2y@soundcloud.com,Male,88.22.49.110
108,Rosmunda,Grinvalds,rgrinvalds2z@dell.com,Female,71.241.8.163
109,Elwira,Brake,ebrake30@fotki.com,Female,172.212.33.132
110,Gilburt,Kelsow,gkelsow31@state.tx.us,Male,36.211.78.85
111,Any,Gallemore,agallemore32@diigo.com,Male,207.65.16.25
112,Freda,Bernardoux,fbernardoux33@cargocollective.com,Female,5.47.20.185
113,Willetta,Djekovic,wdjekovic34@mysql.com,Female,179.7.160.149
114,Yorgos,Cars,ycars35@reference.com,Male,27.48.193.184
115,Arthur,Crossby,acrossby36@sogou.com,Male,211.121.116.107
116,Guinna,Downie,gdownie37@mlb.com,Female,43.225.158.229
117,Mill,Cressingham,mcressingham38@forbes.com,Male,187.136.37.44
118,Avigdor,Conman,aconman39@ameblo.jp,Male,53.102.20.3
119,Ola,Mathiassen,omathiassen3a@ca.gov,Female,85.145.94.98
120,Lowrance,Grigoire,lgrigoire3b@slideshare.net,Male,182.211.195.44
121,Pyotr,Kindley,pkindley3c@about.com,Male,83.166.237.84
122,Annabella,Chaffer,achaffer3d@youtube.com,Female,222.211.140.109
123,Willa,Hilbourne,whilbourne3e@tinyurl.com,Female,171.84.248.170
124,Yehudi,Southgate,ysouthgate3f@sina.com.cn,Male,251.4.125.182
125,Reggie,Grey,rgrey3g@cdc.gov,Male,221.100.5.167
126,Alasdair,Mitchenson,amitchenson3h@vinaora.com,Male,182.226.245.193
127,Yorker,Loveguard,yloveguard3i@pcworld.com,Male,173.179.65.186
128,Marietta,Dawe,mdawe3j@hhs.gov,Male,137.217.233.164
129,Alden,Falvey,afalvey3k@cyberchimps.com,Male,80.104.30.121
130,Abe,Spoor,aspoor3l@illinois.edu,Male,226.191.207.17
131,Sybyl,Carlisle,scarlisle3m@cargocollective.com,Female,37.188.92.220
132,Nealon,Faulkner,nfaulkner3n@cornell.edu,Male,178.187.211.236
133,Bryant,Sancto,bsancto3o@seattletimes.com,Male,61.137.162.30
134,Aida,Rollings,arollings3p@slate.com,Female,235.65.44.106
135,Horten,Olivia,holivia3q@simplemachines.org,Male,62.91.177.73
136,Rafe,Maliphant,rmaliphant3r@webs.com,Male,105.225.73.212
137,Andonis,Metzke,ametzke3s@weibo.com,Male,159.24.44.187
138,Flori,McMylor,fmcmylor3t@w3.org,Female,131.241.117.212
139,Stephan,Nutbeem,snutbeem3u@msu.edu,Male,155.20.12.47
140,Cyb,Waything,cwaything3v@icio.us,Female,24.46.251.161
141,Karl,Longland,klongland3w@tumblr.com,Male,162.165.183.44
142,Sawyere,Gawne,sgawne3x@usa.gov,Male,64.50.188.34
143,Job,Magee,jmagee3y@ebay.com,Male,63.110.48.147
144,Vanna,Golagley,vgolagley3z@printfriendly.com,Female,145.7.192.31
145,Jermaine,Palek,jpalek40@tumblr.com,Male,236.130.202.129
146,Ginny,Spurdens,gspurdens41@upenn.edu,Female,18.6.145.255
147,Giff,Laundon,glaundon42@jiathis.com,Male,159.105.206.10
148,Larisa,Nanuccioi,lnanuccioi43@github.com,Female,121.122.165.220
149,Bartie,Elsbury,belsbury44@pbs.org,Male,26.19.230.16
150,Richmond,Kliemchen,rkliemchen45@miibeian.gov.cn,Male,166.78.100.55
151,Marco,Nortcliffe,mnortcliffe46@washington.edu,Male,92.117.188.208
152,Simmonds,Raeside,sraeside47@wikispaces.com,Male,41.49.110.46
153,Heath,Millea,hmillea48@spiegel.de,Female,63.248.45.130
154,Ricki,Crockley,rcrockley49@cargocollective.com,Male,32.177.190.242
155,Kellyann,Kuhnel,kkuhnel4a@goo.ne.jp,Female,188.70.207.205
156,Mill,Ciementini,mciementini4b@tumblr.com,Male,252.128.135.145
157,Ham,Gee,hgee4c@seesaa.net,Male,15.131.16.223
158,Pernell,Haggleton,phaggleton4d@businessinsider.com,Male,250.134.160.163
159,Janis,Levis,jlevis4e@ucoz.ru,Female,126.54.137.84
160,Leland,Juorio,ljuorio4f@nydailynews.com,Female,170.108.214.87
161,Jerald,Mapston,jmapston4g@vk.com,Male,210.68.125.76
162,Blythe,Kauble,bkauble4h@unicef.org,Female,165.239.18.145
163,Danella,Petricek,dpetricek4i@joomla.org,Female,45.13.177.237
164,Nico,Sheeres,nsheeres4j@example.com,Male,81.117.235.241
165,Morgen,Sallows,msallows4k@nih.gov,Female,191.63.122.180
166,Jasen,Fairlam,jfairlam4l@hao123.com,Male,108.19.92.161
167,Aviva,Michelet,amichelet4m@deliciousdays.com,Female,31.73.239.107
168,Madalyn,Haresnape,mharesnape4n@hubpages.com,Female,199.245.179.40
169,Dorisa,Broddle,dbroddle4o@discuz.net,Female,118.250.165.66
170,Peirce,Furlonge,pfurlonge4p@amazon.co.uk,Male,13.43.241.217
171,Alejoa,Beven,abeven4q@miibeian.gov.cn,Male,209.143.66.36
172,Becki,Cornish,bcornish4r@tinyurl.com,Female,88.112.204.114
173,Adora,Romei,aromei4s@pbs.org,Female,6.207.150.77
174,Jard,Edward,jedward4t@bloglines.com,Male,139.175.196.151
175,Anders,Locksley,alocksley4u@springer.com,Male,107.230.152.49
176,Ivan,Fordham,ifordham4v@slate.com,Male,8.1.28.54
177,Leese,L'Episcopi,llepiscopi4w@mlb.com,Female,173.240.245.140
178,Birgitta,Iglesia,biglesia4x@csmonitor.com,Female,243.157.119.42
179,Blinni,Child,bchild4y@indiegogo.com,Female,88.69.84.162
180,Chandra,Fedorski,cfedorski4z@miitbeian.gov.cn,Female,151.190.203.57
181,Dud,Fairburn,dfairburn50@cam.ac.uk,Male,53.86.208.153
182,Raviv,Ferrarini,rferrarini51@ow.ly,Male,229.250.164.38
183,Delmar,Pepler,dpepler52@princeton.edu,Male,11.101.33.50
184,Kriste,Cartlidge,kcartlidge53@google.com.au,Female,226.231.145.189
185,Garner,Richly,grichly54@cbsnews.com,Male,9.214.173.67
186,Ula,Turmell,uturmell55@icq.com,Female,143.50.161.236
187,Kennan,Middler,kmiddler56@home.pl,Male,121.113.22.37
188,Jens,Stretton,jstretton57@themeforest.net,Male,202.187.37.136
189,Margaret,Kalberer,mkalberer58@topsy.com,Female,111.182.33.18
190,Crosby,Primo,cprimo59@examiner.com,Male,120.114.134.222
191,Nappie,Ashdown,nashdown5a@myspace.com,Male,224.48.18.117
192,Kingsly,Mathys,kmathys5b@sohu.com,Male,75.216.198.48
193,Freddi,Wayman,fwayman5c@joomla.org,Female,42.148.72.5
194,Cristiano,Dolden,cdolden5d@ask.com,Male,64.53.77.254
195,Bron,Lage,blage5e@wufoo.com,Male,119.161.104.9
196,Allister,Ryde,aryde5f@businessweek.com,Male,135.11.48.172
197,Wyatan,Anscott,wanscott5g@epa.gov,Male,89.195.66.203
198,Carie,Fullard,cfullard5h@sitemeter.com,Female,23.183.190.115
199,Elias,Trevain,etrevain5i@icq.com,Male,197.41.106.15
200,Amalea,Hartnup,ahartnup5j@theguardian.com,Female,137.99.155.178
201,Caz,Rosten,crosten5k@nifty.com,Male,109.162.58.245
202,Sid,Guswell,sguswell5l@surveymonkey.com,Male,16.65.205.82
203,Pattin,Eadie,peadie5m@usa.gov,Male,199.19.66.225
204,Hilly,Rait,hrait5n@usatoday.com,Male,132.113.104.11
205,Jacinda,Beake,jbeake5o@dropbox.com,Female,248.183.1.133
206,Rosabel,Rushbrook,rrushbrook5p@mit.edu,Female,122.66.132.9
207,Laughton,Addicott,laddicott5q@huffingtonpost.com,Male,193.36.199.91
208,Hedwiga,Alphege,halphege5r@usatoday.com,Female,108.51.21.190
209,Arturo,Greeve,agreeve5s@dot.gov,Male,90.9.99.255
210,Harriott,Killough,hkillough5t@gmpg.org,Female,249.201.122.29
211,Cody,Berry,cberry5u@so-net.ne.jp,Male,129.33.44.23
212,Chick,Piddle,cpiddle5v@globo.com,Male,174.233.48.30
213,Lynette,Aicheson,laicheson5w@nydailynews.com,Female,101.69.60.147
214,Viole,Hyndley,vhyndley5x@washington.edu,Female,4.165.55.172
215,Ossie,Casassa,ocasassa5y@columbia.edu,Male,128.42.137.99
216,Vail,Geekie,vgeekie5z@squarespace.com,Male,102.113.19.254
217,Christa,Skaid,cskaid60@ox.ac.uk,Female,229.119.178.53
218,Barth,Cauldfield,bcauldfield61@furl.net,Male,136.183.104.250
219,Dewey,Walster,dwalster62@macromedia.com,Male,53.153.46.183
220,Rocky,Tyndall,rtyndall63@moonfruit.com,Male,211.0.31.72
221,Lannie,Kinnard,lkinnard64@dyndns.org,Male,119.42.23.21
222,Tootsie,Jewiss,tjewiss65@ucoz.ru,Female,184.225.72.103
223,Wilfred,Reece,wreece66@stumbleupon.com,Male,128.39.209.175
224,Sorcha,Dumbelton,sdumbelton67@mapquest.com,Female,69.208.116.25
225,Dulcie,Bodycote,dbodycote68@cmu.edu,Female,46.97.208.201
226,Adelice,Collishaw,acollishaw69@cnbc.com,Female,132.202.23.0
227,Jeanna,Hedden,jhedden6a@marketwatch.com,Female,128.171.10.208
228,Rivalee,Dufty,rdufty6b@java.com,Female,19.101.218.241
229,Cathy,Whickman,cwhickman6c@jugem.jp,Female,134.8.159.147
230,Gian,Rands,grands6d@imdb.com,Male,94.82.245.113
231,Kinna,Darkin,kdarkin6e@ning.com,Female,53.208.86.131
232,Angeline,Vyvyan,avyvyan6f@wordpress.org,Female,31.169.97.171
233,Lonna,Finders,lfinders6g@prlog.org,Female,35.221.208.168
234,David,Dubber,ddubber6h@scientificamerican.com,Male,36.30.205.108
235,Renado,Ziemke,rziemke6i@aboutads.info,Male,107.26.1.151
236,Bellanca,Pymm,bpymm6j@github.com,Female,83.223.246.82
237,Alfred,Simmank,asimmank6k@wired.com,Male,172.197.157.207
238,Nertie,Sabater,nsabater6l@guardian.co.uk,Female,213.79.45.136
239,Von,Tree,vtree6m@digg.com,Male,37.189.170.121
240,Chloe,Keal,ckeal6n@ted.com,Female,26.111.8.78
241,Trudy,Pymer,tpymer6o@multiply.com,Female,213.96.137.42
242,Izabel,Cancellor,icancellor6p@naver.com,Female,98.26.248.182
243,Bonita,Pflieger,bpflieger6q@cam.ac.uk,Female,65.170.116.192
244,Hamlen,Letertre,hletertre6r@unblog.fr,Male,8.168.253.56
245,Jeanine,Broomfield,jbroomfield6s@ucoz.com,Female,210.29.203.12
246,Deeann,Dupoy,ddupoy6t@icq.com,Female,107.98.105.128
247,Christiano,Asmus,casmus6u@abc.net.au,Male,214.128.191.236
248,Laughton,Peete,lpeete6v@blogspot.com,Male,48.74.159.137
249,Esdras,Twelve,etwelve6w@unblog.fr,Male,234.193.104.216
250,Vikki,Pergens,vpergens6x@harvard.edu,Female,92.6.129.181
251,Lorry,Clemenson,lclemenson6y@pagesperso-orange.fr,Male,202.41.118.176
252,Ruby,Brodbin,rbrodbin6z@boston.com,Male,3.109.65.226
253,Lenard,Moss,lmoss70@narod.ru,Male,140.169.10.163
254,Kimble,Howard,khoward71@theglobeandmail.com,Male,12.117.232.245
255,Seth,Thackston,sthackston72@artisteer.com,Male,122.213.194.25
256,Baron,Zanicchi,bzanicchi73@dedecms.com,Male,169.12.99.20
257,Hale,Grewe,hgrewe74@marriott.com,Male,227.23.111.188
258,Dido,Viggers,dviggers75@mapquest.com,Female,130.19.173.216
259,Koral,Bertolaccini,kbertolaccini76@netscape.com,Female,104.133.204.14
260,Vina,Kewish,vkewish77@google.co.jp,Female,215.102.13.47
261,Giorgio,Caney,gcaney78@eepurl.com,Male,4.224.227.251
262,Marijo,Spelsbury,mspelsbury79@virginia.edu,Female,118.44.115.45
263,Peterus,Voelker,pvoelker7a@ovh.net,Male,47.140.150.245
264,Alvan,Neem,aneem7b@netvibes.com,Male,127.33.46.152
265,Lucian,Lockless,llockless7c@arizona.edu,Male,198.123.58.139
266,Tobie,Somers,tsomers7d@twitpic.com,Male,94.26.83.31
267,Faith,Shingler,fshingler7e@mysql.com,Female,245.166.5.103
268,Ford,Pierro,fpierro7f@gmpg.org,Male,103.137.112.209
269,Fransisco,Hayller,fhayller7g@mediafire.com,Male,240.160.4.49
270,Frederick,Kaley,fkaley7h@berkeley.edu,Male,46.172.65.156
271,Brendon,Ulyat,bulyat7i@loc.gov,Male,190.150.60.97
272,Hieronymus,Thomtson,hthomtson7j@npr.org,Male,200.225.118.234
273,Hershel,Chittey,hchittey7k@harvard.edu,Male,50.141.178.58
274,Eal,Don,edon7l@answers.com,Male,203.20.54.90
275,Willetta,Willoughway,wwilloughway7m@ibm.com,Female,169.221.215.119
276,Vivie,Longbone,vlongbone7n@narod.ru,Female,79.210.120.161
277,Dilly,Cropton,dcropton7o@utexas.edu,Male,160.228.207.41
278,Laughton,Henner,lhenner7p@howstuffworks.com,Male,48.243.173.162
279,Ragnar,Baynom,rbaynom7q@is.gd,Male,41.94.76.24
280,Flor,McPherson,fmcpherson7r@elegantthemes.com,Female,247.63.84.177
281,Emily,Duester,eduester7s@twitpic.com,Female,59.86.58.162
282,Paxon,Creak,pcreak7t@dyndns.org,Male,209.109.236.173
283,Charisse,Derisley,cderisley7u@uol.com.br,Female,184.103.113.236
284,Artie,Pendrich,apendrich7v@nbcnews.com,Male,217.217.176.71
285,Agatha,Wreakes,awreakes7w@google.de,Female,101.5.65.238
286,Linnie,Tebbut,ltebbut7x@photobucket.com,Female,62.88.236.114
287,Desiree,Chapellow,dchapellow7y@prlog.org,Female,117.78.200.109
288,Marie-ann,Shires,mshires7z@virginia.edu,Female,9.21.216.153
289,Janie,Sharvill,jsharvill80@t.co,Female,241.163.20.195
290,Dallon,Lechelle,dlechelle81@smh.com.au,Male,33.36.183.21
291,Almeria,McDuall,amcduall82@comcast.net,Female,28.50.133.169
292,Nate,Figiovanni,nfigiovanni83@weather.com,Male,52.19.98.48
293,Miguelita,Shury,mshury84@simplemachines.org,Female,41.224.179.202
294,Porty,Greeve,pgreeve85@geocities.com,Male,0.241.52.248
295,Daniele,Washington,dwashington86@is.gd,Female,251.221.29.139
296,Jeramey,Berry,jberry87@dyndns.org,Male,162.184.189.71
297,Mead,Astlatt,mastlatt88@dot.gov,Male,94.42.214.98
298,Tann,Woodwind,twoodwind89@vkontakte.ru,Male,1.224.56.67
299,Roderich,Buchanan,rbuchanan8a@netvibes.com,Male,223.22.72.118
300,Corri,Covington,ccovington8b@bloglines.com,Female,115.110.49.60
301,Kirsti,Godard,kgodard8c@earthlink.net,Female,183.238.42.53
302,Lura,Quinell,lquinell8d@t-online.de,Female,225.34.36.119
303,Osbourne,Annwyl,oannwyl8e@ted.com,Male,65.181.130.8
304,Carter,Mountjoy,cmountjoy8f@unicef.org,Male,106.112.47.110
305,Brier,Whimp,bwhimp8g@dropbox.com,Female,90.111.199.164
306,Angie,Bartosiak,abartosiak8h@hugedomains.com,Male,191.6.138.39
307,Trescha,Guillain,tguillain8i@creativecommons.org,Female,51.44.44.57
308,Emmy,Gaitone,egaitone8j@furl.net,Male,136.49.9.198
309,Sherilyn,Townley,stownley8k@economist.com,Female,16.218.165.240
310,Phineas,Hurdedge,phurdedge8l@com.com,Male,250.170.32.97
311,Jody,Geany,jgeany8m@harvard.edu,Female,21.173.4.163
312,Connie,Kirman,ckirman8n@blogs.com,Female,135.181.36.18
313,Julita,Brookton,jbrookton8o@shareasale.com,Female,50.215.198.43
314,Binni,Knightley,bknightley8p@networksolutions.com,Female,40.53.202.129
315,Koralle,Haysman,khaysman8q@dot.gov,Female,65.86.42.60
316,Ricca,Budgett,rbudgett8r@g.co,Female,175.144.53.77
317,Shirline,Clem,sclem8s@surveymonkey.com,Female,105.187.74.48
318,Emilio,Larratt,elarratt8t@hao123.com,Male,1.108.156.180
319,Cord,Gallihawk,cgallihawk8u@seesaa.net,Male,168.255.73.23
320,Augustin,Garman,agarman8v@answers.com,Male,57.132.156.195
321,Lynnea,Duckering,lduckering8w@usa.gov,Female,246.116.9.160
322,Doria,Duchan,dduchan8x@about.me,Female,112.194.77.192
323,Colan,Van Arsdalen,cvanarsdalen8y@furl.net,Male,251.229.115.173
324,Ellynn,Klimp,eklimp8z@theatlantic.com,Female,102.91.210.40
325,Ag,McTrustram,amctrustram90@usda.gov,Female,244.222.197.238
326,Edie,Jobb,ejobb91@independent.co.uk,Female,68.92.148.162
327,Casar,Jansky,cjansky92@printfriendly.com,Male,185.174.11.2
328,Stefania,Babalola,sbabalola93@cdc.gov,Female,5.21.103.242
329,Roxi,Straneo,rstraneo94@flickr.com,Female,191.226.213.2
330,Billie,Slaight,bslaight95@drupal.org,Male,34.94.254.19
331,Sam,Crosson,scrosson96@cdbaby.com,Female,230.251.153.3
332,Enrica,Ruckledge,eruckledge97@oakley.com,Female,231.39.187.189
333,Kamila,De Lasci,kdelasci98@homestead.com,Female,197.153.11.185
334,Brittney,Rouke,brouke99@prlog.org,Female,76.190.125.208
335,Livvy,Toy,ltoy9a@deviantart.com,Female,99.23.226.97
336,Bendick,Paraman,bparaman9b@lulu.com,Male,199.231.45.254
337,Raviv,Wressell,rwressell9c@tuttocitta.it,Male,15.144.58.84
338,Stanford,Lord,slord9d@w3.org,Male,97.19.87.248
339,Trstram,Grishechkin,tgrishechkin9e@ezinearticles.com,Male,176.74.80.127
340,Giffer,Greenlies,ggreenlies9f@xrea.com,Male,79.61.13.177
341,Ardelle,Garm,agarm9g@cafepress.com,Female,223.88.171.116
342,Ellette,Inold,einold9h@devhub.com,Female,92.26.133.147
343,Lucinda,Morit,lmorit9i@princeton.edu,Female,246.163.57.34
344,Basilius,Purcer,bpurcer9j@addthis.com,Male,50.180.190.117
345,Clyde,Caudray,ccaudray9k@digg.com,Male,203.70.155.127
346,Zaria,Glasner,zglasner9l@cpanel.net,Female,170.18.176.119
347,Sampson,Sudron,ssudron9m@eventbrite.com,Male,14.150.214.235
348,Edd,Lebbern,elebbern9n@cdc.gov,Male,228.206.191.226
349,Dorita,Pummery,dpummery9o@reddit.com,Female,123.72.8.123
350,Keen,Wakerley,kwakerley9p@zdnet.com,Male,81.217.40.164
351,Frieda,Davidovicz,fdavidovicz9q@com.com,Female,51.127.122.87
352,Jana,Giamuzzo,jgiamuzzo9r@ed.gov,Female,118.175.253.227
353,Daisie,Waith,dwaith9s@linkedin.com,Female,211.1.235.123
354,Hephzibah,Batrick,hbatrick9t@samsung.com,Female,183.205.194.154
355,Domingo,Genery,dgenery9u@list-manage.com,Male,6.37.110.173
356,Hashim,Pocknoll,hpocknoll9v@dion.ne.jp,Male,88.15.23.234
357,Velvet,Deny,vdeny9w@fotki.com,Female,194.170.177.229
358,Giacopo,Burel,gburel9x@bloomberg.com,Male,185.69.202.250
359,Hughie,Battams,hbattams9y@narod.ru,Male,110.199.89.52
360,Wendeline,Knyvett,wknyvett9z@phpbb.com,Female,65.115.11.246
361,Coreen,de Grey,cdegreya0@patch.com,Female,248.195.12.57
362,Joyce,Niece,jniecea1@theatlantic.com,Female,170.36.86.146
363,Connor,Heindl,cheindla2@hhs.gov,Male,55.67.12.38
364,Valerye,Ridout,vridouta3@howstuffworks.com,Female,168.45.197.171
365,Barri,Corona,bcoronaa4@people.com.cn,Male,1.111.115.63
366,Morgana,Whitley,mwhitleya5@google.co.jp,Female,189.244.44.76
367,Vanya,Beynke,vbeynkea6@addthis.com,Female,106.185.155.229
368,Stephen,Brunstan,sbrunstana7@freewebs.com,Male,121.7.230.99
369,Free,Stormouth,fstormoutha8@angelfire.com,Male,249.251.199.127
370,Germaine,Lannen,glannena9@hibu.com,Male,123.59.11.108
371,Ban,Bauldry,bbauldryaa@godaddy.com,Male,73.170.234.243
372,Lauryn,Cloute,lclouteab@google.de,Female,80.105.32.68
373,Morna,Mussilli,mmussilliac@meetup.com,Female,28.168.163.65
374,Bea,Yeiles,byeilesad@topsy.com,Female,80.242.45.58
375,Pierson,Gaynesford,pgaynesfordae@mediafire.com,Male,38.14.251.252
376,Wood,Skellern,wskellernaf@soup.io,Male,29.34.153.3
377,Aloin,Bukac,abukacag@irs.gov,Male,46.232.14.32
378,Sidnee,Grosvenor,sgrosvenorah@shutterfly.com,Male,210.132.216.127
379,Darlene,Beharrell,dbeharrellai@indiatimes.com,Female,206.246.222.31
380,Polly,Thrasher,pthrasheraj@purevolume.com,Female,2.201.11.4
381,Lorianna,McGarrie,lmcgarrieak@baidu.com,Female,133.42.93.165
382,Ulick,Bolduc,ubolducal@amazonaws.com,Male,86.134.202.237
383,Skip,Abramof,sabramofam@cam.ac.uk,Male,49.213.198.59
384,Lolly,Elphinstone,lelphinstonean@springer.com,Female,254.175.112.69
385,Cristabel,Apthorpe,capthorpeao@livejournal.com,Female,34.173.153.26
386,Seamus,Ramm,srammap@miibeian.gov.cn,Male,61.42.198.36
387,Shaw,Fermer,sfermeraq@hatena.ne.jp,Male,157.143.219.172
388,Scarlet,Kettridge,skettridgear@zimbio.com,Female,249.149.12.169
389,Bab,Kelcher,bkelcheras@weebly.com,Female,35.117.19.194
390,Roxanna,Fanning,rfanningat@tamu.edu,Female,39.37.73.83
391,Marris,Muffin,mmuffinau@thetimes.co.uk,Female,19.241.201.148
392,Elana,Bacop,ebacopav@irs.gov,Female,204.162.241.166
393,Les,David,ldavidaw@salon.com,Male,50.5.100.255
394,Kelsy,Vass,kvassax@histats.com,Female,95.221.31.241
395,Fanny,Cardnell,fcardnellay@dell.com,Female,175.249.49.10
396,Bellina,Chiswell,bchiswellaz@samsung.com,Female,49.155.110.192
397,Ellary,McCamish,emccamishb0@irs.gov,Male,61.216.43.183
398,Armin,Gostridge,agostridgeb1@dyndns.org,Male,119.198.112.167
399,Filia,Ravenshear,fravenshearb2@xrea.com,Female,114.76.182.41
400,Dick,Ghelarducci,dghelarduccib3@nydailynews.com,Male,242.107.13.221
401,Aileen,Littlekit,alittlekitb4@free.fr,Female,120.35.35.182
402,Giustino,Burnes,gburnesb5@eepurl.com,Male,22.239.173.62
403,Dolorita,Bartozzi,dbartozzib6@t.co,Female,89.17.69.108
404,Pippy,Juanes,pjuanesb7@mapquest.com,Female,54.146.94.128
405,Emelina,Mangam,emangamb8@eventbrite.com,Female,174.95.5.36
406,Brandy,Swynfen,bswynfenb9@phoca.cz,Male,172.18.181.164
407,Bernardine,Pawlaczyk,bpawlaczykba@netlog.com,Female,131.34.148.9
408,Alwyn,Baudry,abaudrybb@ibm.com,Male,73.24.33.87
409,Allyn,Vennard,avennardbc@forbes.com,Female,90.116.104.250
410,Manolo,Olyunin,molyuninbd@howstuffworks.com,Male,169.208.45.134
411,Karry,Osselton,kosseltonbe@marriott.com,Female,16.114.7.51
412,Larina,Lamas,llamasbf@home.pl,Female,20.198.43.177
413,Kylie,Teesdale,kteesdalebg@cocolog-nifty.com,Female,84.115.107.201
414,Claretta,Radbourn,cradbournbh@yahoo.com,Female,211.72.155.164
415,Natty,Moughton,nmoughtonbi@patch.com,Male,204.41.12.175
416,Garik,Rouse,grousebj@meetup.com,Male,14.243.27.14
417,Brooks,Delue,bdeluebk@berkeley.edu,Male,175.240.236.213
418,Ericha,Camp,ecampbl@biglobe.ne.jp,Female,132.217.109.95
419,Bryanty,Kemble,bkemblebm@latimes.com,Male,149.198.80.255
420,Lothario,Hardwidge,lhardwidgebn@wordpress.org,Male,60.116.120.205
421,Westbrooke,Frisch,wfrischbo@msn.com,Male,103.107.17.159
422,Marjorie,Janas,mjanasbp@google.ru,Female,82.186.41.160
423,Edwin,Cansdell,ecansdellbq@illinois.edu,Male,127.248.58.106
424,Tabor,Meale,tmealebr@rediff.com,Male,16.121.40.132
425,Creight,Kays,ckaysbs@ebay.co.uk,Male,209.70.34.201
426,Obie,Beausang,obeausangbt@altervista.org,Male,134.50.201.132
427,Farra,Scrimshire,fscrimshirebu@spotify.com,Female,77.18.233.14
428,Murvyn,Radsdale,mradsdalebv@indiegogo.com,Male,14.144.133.240
429,Erin,Rigmand,erigmandbw@typepad.com,Male,1.7.136.211
430,Titos,Magson,tmagsonbx@yahoo.co.jp,Male,2.55.93.25
431,Olive,Bampfield,obampfieldby@printfriendly.com,Female,235.217.28.10
432,Bud,O' Neligan,boneliganbz@princeton.edu,Male,209.151.205.134
433,Stanley,Szymczyk,sszymczykc0@about.me,Male,238.131.5.176
434,Guglielma,Wildbore,gwildborec1@delicious.com,Female,243.193.168.252
435,Tyrus,Renol,trenolc2@wunderground.com,Male,193.103.251.117
436,Chanda,Zorzini,czorzinic3@webnode.com,Female,79.26.107.211
437,Rodina,Larcombe,rlarcombec4@google.ru,Female,70.2.64.173
438,Matthaeus,Attride,mattridec5@lulu.com,Male,192.174.38.129
439,Carl,Boxer,cboxerc6@oracle.com,Male,60.230.0.245
440,Arte,Gonzales,agonzalesc7@miitbeian.gov.cn,Male,218.167.88.172
441,Alex,Chettle,achettlec8@microsoft.com,Female,0.59.205.29
442,Alfy,Starking,astarkingc9@csmonitor.com,Male,109.224.183.92
443,Else,Dowling,edowlingca@google.pl,Female,251.8.60.33
444,Catharina,Kendal,ckendalcb@wsj.com,Female,110.154.164.114
445,Jermaine,Jerisch,jjerischcc@whitehouse.gov,Male,120.19.249.251
446,Lorilee,Dreakin,ldreakincd@reddit.com,Female,23.196.56.191
447,Hedda,Shoebrook,hshoebrookce@cnbc.com,Female,142.77.65.118
448,Dallas,Buglass,dbuglasscf@hubpages.com,Male,156.47.103.144
449,Ethelyn,Sowman,esowmancg@ifeng.com,Female,156.131.71.159
450,Abby,Aikett,aaikettch@europa.eu,Male,238.180.180.123
451,Kayley,Bertenshaw,kbertenshawci@microsoft.com,Female,191.185.19.86
452,Nate,MacNab,nmacnabcj@eventbrite.com,Male,154.67.83.169
453,Tomlin,Baseke,tbasekeck@xing.com,Male,208.185.193.93
454,Ferdie,Ivanets,fivanetscl@homestead.com,Male,199.225.160.120
455,Gabbey,Lovett,glovettcm@edublogs.org,Female,15.124.135.244
456,Ottilie,Sallnow,osallnowcn@trellian.com,Female,139.206.31.186
457,Garrard,Gutans,ggutansco@stanford.edu,Male,155.33.65.117
458,Jazmin,Leguay,jleguaycp@squarespace.com,Female,26.67.82.85
459,Misti,Rouke,mroukecq@lulu.com,Female,112.68.200.72
460,Deerdre,Roote,drootecr@shinystat.com,Female,60.220.36.238
461,Wilhelm,Longmaid,wlongmaidcs@elpais.com,Male,49.201.208.80
462,Karlik,Kitcherside,kkitchersidect@biglobe.ne.jp,Male,247.87.115.116
463,Brier,Storey,bstoreycu@pagesperso-orange.fr,Female,214.98.68.55
464,Bowie,Obern,boberncv@vkontakte.ru,Male,174.61.142.107
465,Mile,Fillary,mfillarycw@timesonline.co.uk,Male,43.174.198.26
466,Elly,Bramich,ebramichcx@kickstarter.com,Female,137.80.90.151
467,Emili,Aslin,easlincy@nba.com,Female,113.253.98.152
468,Cob,Gleed,cgleedcz@epa.gov,Male,117.164.129.76
469,Donica,McLagain,dmclagaind0@craigslist.org,Female,147.18.138.165
470,Shela,Billsberry,sbillsberryd1@uol.com.br,Female,199.46.52.85
471,Ruprecht,Wayte,rwayted2@ehow.com,Male,126.215.156.183
472,Christina,Elderfield,celderfieldd3@google.com.au,Female,157.174.97.59
473,Persis,Lawdham,plawdhamd4@phoca.cz,Female,81.64.52.51
474,Antons,Aupol,aaupold5@blogtalkradio.com,Male,90.110.31.60
475,Gayel,Gheeorghie,ggheeorghied6@wsj.com,Female,21.56.200.145
476,Vitia,Dominiak,vdominiakd7@yolasite.com,Female,89.92.123.174
477,Ronda,Alben,ralbend8@ameblo.jp,Female,167.115.42.83
478,Mimi,MacGorrie,mmacgorried9@guardian.co.uk,Female,248.120.197.185
479,Lucille,Iacomini,liacominida@facebook.com,Female,127.0.137.59
480,Kacie,Jouaneton,kjouanetondb@rakuten.co.jp,Female,18.76.184.130
481,Jessalyn,Khrishtafovich,jkhrishtafovichdc@globo.com,Female,219.160.37.177
482,Ezra,Segebrecht,esegebrechtdd@addtoany.com,Male,49.14.245.203
483,Everard,Lefwich,elefwichde@stanford.edu,Male,130.112.108.148
484,Lorrin,Wahlberg,lwahlbergdf@google.de,Female,65.111.142.99
485,Jobye,Gyde,jgydedg@businesswire.com,Female,139.166.29.156
486,Dare,Quartly,dquartlydh@engadget.com,Male,68.151.142.87
487,Roch,Gabbitas,rgabbitasdi@odnoklassniki.ru,Female,20.234.6.44
488,Hamid,Rieflin,hrieflindj@diigo.com,Male,8.162.193.209
489,Giusto,Francie,gfranciedk@deliciousdays.com,Male,53.3.158.171
490,Adrianne,Hardacre,ahardacredl@blogtalkradio.com,Female,72.15.167.95
491,Archibold,Cordery,acorderydm@stumbleupon.com,Male,63.18.76.183
492,Daphna,Zanetello,dzanetellodn@ed.gov,Female,13.234.130.47
493,Maury,Meldrum,mmeldrumdo@google.com,Male,251.148.248.17
494,Heddi,Norcliff,hnorcliffdp@loc.gov,Female,82.120.103.131
495,Mervin,Hillaby,mhillabydq@wikipedia.org,Male,169.141.226.210
496,Starr,Rickcord,srickcorddr@wordpress.org,Female,181.234.135.221
497,Clarine,Paddon,cpaddonds@cbsnews.com,Female,150.134.37.40
498,Vail,Nancekivell,vnancekivelldt@sogou.com,Male,124.250.43.51
499,Augustin,Wormald,awormalddu@acquirethisname.com,Male,58.208.104.110
500,Netti,Firks,nfirksdv@bizjournals.com,Female,8.227.51.159
501,Neils,Cozens,ncozensdw@ovh.net,Male,49.101.139.199
502,Felisha,Hartle,fhartledx@imgur.com,Female,102.163.93.97
503,Zitella,Lunge,zlungedy@marriott.com,Female,127.182.216.133
504,Maggie,Reidie,mreidiedz@dailymotion.com,Female,45.169.68.102
505,Fairlie,Yurukhin,fyurukhine0@mtv.com,Male,25.31.171.199
506,Beatrisa,MacInerney,bmacinerneye1@wordpress.org,Female,64.157.30.16
507,Kendell,Aslam,kaslame2@vistaprint.com,Male,65.161.216.179
508,Kev,Cowthard,kcowtharde3@prnewswire.com,Male,92.197.253.235
509,Edsel,Gounel,egounele4@mashable.com,Male,215.5.112.90
510,Marillin,Wilsone,mwilsonee5@auda.org.au,Female,64.165.93.114
511,Anetta,Worswick,aworswicke6@mail.ru,Female,201.90.240.151
512,Cristi,Segeswoeth,csegeswoethe7@seesaa.net,Female,236.226.68.176
513,Loreen,Bazeley,lbazeleye8@sogou.com,Female,161.158.241.202
514,Karissa,Hriinchenko,khriinchenkoe9@shinystat.com,Female,14.70.71.173
515,Douglas,Frodsham,dfrodshamea@alibaba.com,Male,221.138.72.46
516,Karia,Ventom,kventomeb@hugedomains.com,Female,167.157.227.81
517,Melvin,Hinrichsen,mhinrichsenec@ezinearticles.com,Male,83.85.172.117
518,Janenna,Litt,jlitted@bloglines.com,Female,96.255.42.189
519,Janeva,Rudkin,jrudkinee@bbb.org,Female,222.13.44.27
520,Nickola,Giraudot,ngiraudotef@51.la,Male,192.34.33.101
521,Josee,Pithcock,jpithcockeg@vimeo.com,Female,189.156.31.189
522,Alain,O'Kieran,aokieraneh@mapquest.com,Male,90.103.107.50
523,Towney,Gwilliam,tgwilliamei@gravatar.com,Male,243.30.22.1
524,Melisenda,Kebbell,mkebbellej@fda.gov,Female,196.7.191.195
525,Welby,MacIan,wmacianek@tinypic.com,Male,227.172.95.93
526,Jake,Goretti,jgorettiel@nsw.gov.au,Male,220.179.1.210
527,Rob,Barbour,rbarbourem@hp.com,Male,60.137.212.144
528,Gare,Pantone,gpantoneen@mapquest.com,Male,74.135.75.164
529,Rolland,Alvarez,ralvarezeo@newsvine.com,Male,71.86.41.131
530,Bradly,Carletto,bcarlettoep@tmall.com,Male,163.56.169.73
531,Milli,Winfindine,mwinfindineeq@shareasale.com,Female,56.210.21.18
532,North,O'Dooghaine,nodooghaineer@com.com,Male,46.92.86.228
533,Bud,Halloran,bhalloranes@exblog.jp,Male,84.0.229.70
534,April,Blaxton,ablaxtonet@msu.edu,Female,77.12.234.93
535,Guendolen,Danilowicz,gdanilowiczeu@webmd.com,Female,110.237.149.212
536,Adrian,Blaxter,ablaxterev@opensource.org,Female,167.135.71.177
537,Carmon,Gouley,cgouleyew@archive.org,Female,169.152.138.5
538,Chelsie,Wabe,cwabeex@latimes.com,Female,66.215.100.64
539,Bridie,Jeste,bjesteey@weather.com,Female,231.139.11.213
540,Matthew,Barthrup,mbarthrupez@ted.com,Male,187.38.197.130
541,Antony,Maybery,amayberyf0@imgur.com,Male,46.92.105.223
542,Allis,Dunhill,adunhillf1@auda.org.au,Female,217.184.219.234
543,Hanson,Kornyshev,hkornyshevf2@auda.org.au,Male,83.199.192.254
544,Shelbi,Goricke,sgorickef3@skype.com,Female,130.1.243.220
545,Moishe,Gusticke,mgustickef4@bloglines.com,Male,141.48.200.43
546,Land,Alder,lalderf5@1und1.de,Male,172.145.85.67
547,Adriane,Corkett,acorkettf6@mysql.com,Female,181.230.196.117
548,Amity,Swan,aswanf7@devhub.com,Female,98.128.79.138
549,Nahum,Keesman,nkeesmanf8@about.me,Male,45.21.119.221
550,Hieronymus,Quinnell,hquinnellf9@businesswire.com,Male,35.44.2.140
551,Tracey,Klaussen,tklaussenfa@dailymotion.com,Female,134.219.143.221
552,Howie,Mocquer,hmocquerfb@house.gov,Male,186.3.65.134
553,Kim,Lindblad,klindbladfc@fema.gov,Female,25.224.191.108
554,Maxy,Rumens,mrumensfd@ask.com,Male,44.48.62.121
555,Martyn,Bonson,mbonsonfe@icio.us,Male,66.4.35.222
556,Foss,Mayston,fmaystonff@scientificamerican.com,Male,0.130.201.107
557,Rhianon,Brammar,rbrammarfg@opera.com,Female,35.110.66.150
558,Fremont,Frankiss,ffrankissfh@sun.com,Male,142.219.43.238
559,Jack,Kidby,jkidbyfi@privacy.gov.au,Male,255.134.188.249
560,Madison,Dumbell,mdumbellfj@netlog.com,Male,24.159.7.242
561,Kingsly,Narraway,knarrawayfk@nyu.edu,Male,169.240.82.61
562,Ortensia,Terbruggen,oterbruggenfl@home.pl,Female,233.91.73.9
563,Brucie,Wrigley,bwrigleyfm@bluehost.com,Male,97.109.26.32
564,Andreas,McQuilliam,amcquilliamfn@wired.com,Male,77.195.57.37
565,Randi,Bidmead,rbidmeadfo@trellian.com,Female,81.143.124.148
566,Reginald,Bilbery,rbilberyfp@timesonline.co.uk,Male,5.42.135.186
567,Etta,Mitchenson,emitchensonfq@disqus.com,Female,224.107.89.78
568,Abra,Drain,adrainfr@angelfire.com,Female,46.84.136.183
569,Bax,Jumel,bjumelfs@canalblog.com,Male,241.107.182.247
570,Carter,Gingles,cginglesft@imdb.com,Male,5.178.20.239
571,Sandie,Squibbs,ssquibbsfu@dailymotion.com,Female,90.208.101.238
572,Clotilda,Lelievre,clelievrefv@msu.edu,Female,224.221.220.68
573,Agnese,Antonik,aantonikfw@google.es,Female,122.132.127.85
574,Lindsey,Densie,ldensiefx@sciencedirect.com,Female,128.57.175.1
575,Letty,Crayden,lcraydenfy@examiner.com,Female,39.216.215.153
576,Clarisse,Kluge,cklugefz@cbslocal.com,Female,70.159.237.232
577,Peggi,Eby,pebyg0@yahoo.co.jp,Female,108.32.134.131
578,Berne,Gittose,bgittoseg1@themeforest.net,Male,95.104.229.182
579,Fae,Crottagh,fcrottaghg2@pagesperso-orange.fr,Female,20.226.240.229
580,Gustaf,Wedlock,gwedlockg3@boston.com,Male,96.198.190.177
581,Sadie,Blackstock,sblackstockg4@wufoo.com,Female,14.58.24.26
582,Glenna,Pettipher,gpettipherg5@instagram.com,Female,98.185.13.80
583,Byran,Digman,bdigmang6@phoca.cz,Male,64.248.226.203
584,Wylma,Pol,wpolg7@networksolutions.com,Female,154.236.87.195
585,Ralina,Bargh,rbarghg8@vimeo.com,Female,134.161.103.77
586,Robb,Blenkensop,rblenkensopg9@imdb.com,Male,83.158.238.129
587,Jarred,Gong,jgongga@wikipedia.org,Male,60.142.191.230
588,Ulla,Cromie,ucromiegb@upenn.edu,Female,94.41.17.104
589,Norrie,Paulazzi,npaulazzigc@usnews.com,Female,184.209.177.48
590,Leonardo,Elvins,lelvinsgd@dropbox.com,Male,135.140.2.199
591,Agnola,Gauford,agaufordge@xrea.com,Female,191.214.164.130
592,Terrel,Armes,tarmesgf@salon.com,Male,98.115.80.204
593,Corby,Hourston,chourstongg@smugmug.com,Male,116.102.13.88
594,Ardelle,Vargas,avargasgh@washington.edu,Female,87.92.46.107
595,Kimbell,Van Der Straaten,kvanderstraatengi@about.com,Male,56.29.14.116
596,Zack,Helstrip,zhelstripgj@joomla.org,Male,175.157.172.164
597,Gallagher,Papps,gpappsgk@nytimes.com,Male,130.208.193.49
598,Armstrong,Vowells,avowellsgl@washingtonpost.com,Male,145.191.232.44
599,Far,Ainsworth,fainsworthgm@ihg.com,Male,79.72.27.178
600,Brinna,Blaxlande,bblaxlandegn@people.com.cn,Female,119.232.32.228
601,Cissy,McGillivrie,cmcgillivriego@yale.edu,Female,102.163.79.251
602,Florenza,Paskin,fpaskingp@marriott.com,Female,29.143.3.123
603,Thaine,Arlett,tarlettgq@google.com.br,Male,96.60.181.170
604,Willem,Palluschek,wpalluschekgr@slate.com,Male,40.35.182.175
605,Valma,Stollery,vstollerygs@technorati.com,Female,133.199.245.147
606,Riva,Donson,rdonsongt@chron.com,Female,179.130.64.33
607,Barrie,Maneylaws,bmaneylawsgu@prnewswire.com,Female,135.160.40.209
608,Hilton,Livick,hlivickgv@netvibes.com,Male,178.64.196.143
609,Far,Kembrey,fkembreygw@livejournal.com,Male,84.96.19.26
610,Adolf,Kintish,akintishgx@paypal.com,Male,90.216.109.236
611,Brnaby,Langwade,blangwadegy@google.cn,Male,180.147.207.168
612,Jordon,Presser,jpressergz@godaddy.com,Male,0.99.199.163
613,Garek,Hek,ghekh0@bing.com,Male,44.97.48.117
614,Bethany,Dimmne,bdimmneh1@google.es,Female,100.210.50.134
615,Amandie,Sawdon,asawdonh2@columbia.edu,Female,251.12.86.215
616,Greg,Bott,gbotth3@cyberchimps.com,Male,232.76.55.124
617,Kizzie,Penn,kpennh4@opensource.org,Female,144.191.231.238
618,Neddy,Jodrelle,njodrelleh5@tripadvisor.com,Male,145.34.111.232
619,Lucias,McCrum,lmccrumh6@cnbc.com,Male,55.230.86.62
620,Chloe,Lots,clotsh7@umn.edu,Female,101.41.43.57
621,Frederique,Fells,ffellsh8@smugmug.com,Female,136.126.53.56
622,Jeanie,Truter,jtruterh9@myspace.com,Female,210.110.162.159
623,Dael,Lilleyman,dlilleymanha@ed.gov,Male,231.32.86.122
624,Xenia,Greggersen,xgreggersenhb@facebook.com,Female,166.108.199.98
625,Tito,Yaxley,tyaxleyhc@blinklist.com,Male,114.163.23.8
626,Grady,Blaze,gblazehd@chron.com,Male,160.154.237.120
627,Joyann,Debold,jdeboldhe@gizmodo.com,Female,107.208.85.175
628,Edmon,Coultish,ecoultishhf@gov.uk,Male,136.57.101.89
629,Willi,Niven,wnivenhg@stanford.edu,Male,76.46.108.244
630,Betteann,Mateu,bmateuhh@ask.com,Female,235.129.67.7
631,Marta,Coopland,mcooplandhi@delicious.com,Female,199.185.214.224
632,Art,Macer,amacerhj@i2i.jp,Male,7.97.170.163
633,Charmian,Thurley,cthurleyhk@xrea.com,Female,185.34.167.60
634,Elana,Semrad,esemradhl@is.gd,Female,229.202.32.83
635,Lezlie,Cossell,lcossellhm@phpbb.com,Female,143.178.0.159
636,Hynda,Reinbach,hreinbachhn@chron.com,Female,64.6.101.251
637,Vlad,Whistan,vwhistanho@cam.ac.uk,Male,20.76.170.91
638,Emelita,Hawes,ehaweshp@psu.edu,Female,55.14.46.141
639,Salaidh,Tregear,stregearhq@timesonline.co.uk,Female,195.122.245.121
640,Duane,Ullyott,dullyotthr@ucoz.ru,Male,140.84.12.134
641,Ruthann,Brownett,rbrownetths@illinois.edu,Female,5.172.154.188
642,Karlee,Palek,kpalekht@patch.com,Female,127.178.108.131
643,Shellie,Pentecust,spentecusthu@archive.org,Female,119.103.218.45
644,Stillmann,Costain,scostainhv@marriott.com,Male,81.47.82.184
645,Beryle,Glashby,bglashbyhw@hugedomains.com,Female,87.78.126.216
646,Tomkin,Larenson,tlarensonhx@bloglines.com,Male,205.27.48.167
647,Desiree,Cubbit,dcubbithy@taobao.com,Female,48.75.177.126
648,Anthony,Stennard,astennardhz@ehow.com,Male,253.156.214.218
649,Alyson,Ebbers,aebbersi0@sphinn.com,Female,118.7.58.174
650,Tymothy,Stacey,tstaceyi1@noaa.gov,Male,247.195.47.123
651,Cordell,Mapp,cmappi2@cornell.edu,Male,237.85.126.151
652,Marlena,Grzegorzewicz,mgrzegorzewiczi3@businessinsider.com,Female,232.202.105.107
653,Rogers,Roxburch,rroxburchi4@scientificamerican.com,Male,83.172.140.47
654,Sophronia,Tomkins,stomkinsi5@bbb.org,Female,233.175.254.60
655,Byrle,Harteley,bharteleyi6@github.io,Male,243.144.40.214
656,Chaim,Edgecumbe,cedgecumbei7@gmpg.org,Male,178.210.245.95
657,Franciska,Flageul,fflageuli8@fc2.com,Female,216.116.197.43
658,Sheffie,Pohls,spohlsi9@admin.ch,Male,153.70.200.134
659,Annice,Bramwell,abramwellia@guardian.co.uk,Female,229.103.19.232
660,Mateo,Koles,mkolesib@google.com.br,Male,18.252.194.66
661,Ermanno,Keiley,ekeileyic@lulu.com,Male,114.144.99.208
662,Lilia,Kennifeck,lkennifeckid@google.it,Female,177.102.59.13
663,Ervin,Casacchia,ecasacchiaie@sciencedaily.com,Male,17.198.105.244
664,Welsh,Gilliland,wgillilandif@nps.gov,Male,192.24.66.243
665,Meris,Butchard,mbutchardig@1und1.de,Female,2.222.118.54
666,Kamila,Sustin,ksustinih@blogger.com,Female,125.235.231.222
667,Foster,Dict,fdictii@github.com,Male,198.202.155.240
668,Gus,Appleton,gappletonij@meetup.com,Male,236.118.170.99
669,Alphonse,Darnborough,adarnboroughik@shareasale.com,Male,6.187.6.243
670,My,Downgate,mdowngateil@nih.gov,Male,191.52.130.42
671,Biron,Dedman,bdedmanim@amazon.co.jp,Male,236.18.186.1
672,Templeton,Hawkwood,thawkwoodin@facebook.com,Male,245.111.12.68
673,Ambur,Heake,aheakeio@blogs.com,Female,224.188.68.44
674,Bernadene,Ashbolt,bashboltip@army.mil,Female,239.17.11.49
675,Barry,Nowell,bnowelliq@youku.com,Female,80.99.132.251
676,Harbert,Callear,hcallearir@indiegogo.com,Male,50.188.242.202
677,Neille,Marthen,nmarthenis@phoca.cz,Female,188.162.0.2
678,Milty,Warlawe,mwarlaweit@stanford.edu,Male,67.0.202.124
679,Eli,Leiden,eleideniu@webmd.com,Male,60.216.59.153
680,Glen,Dunckley,gdunckleyiv@forbes.com,Female,17.219.115.77
681,Gregg,Gillatt,ggillattiw@taobao.com,Male,12.247.228.210
682,Gray,McFie,gmcfieix@bbc.co.uk,Male,66.216.217.0
683,Garvy,Deverose,gdeveroseiy@spotify.com,Male,226.251.169.42
684,Andi,Ellingworth,aellingworthiz@indiatimes.com,Female,105.64.39.109
685,Deane,Dineen,ddineenj0@tiny.cc,Female,172.48.118.120
686,Minerva,Fairburne,mfairburnej1@salon.com,Female,192.48.163.87
687,Charlena,Parish,cparishj2@bluehost.com,Female,246.128.134.42
688,Towney,Godridge,tgodridgej3@sourceforge.net,Male,50.203.62.135
689,Erin,Barrington,ebarringtonj4@ask.com,Male,187.60.66.71
690,Dasya,Havoc,dhavocj5@oaic.gov.au,Female,163.183.184.65
691,Gert,Hitter,ghitterj6@biblegateway.com,Female,20.253.200.17
692,Shanie,Giabuzzi,sgiabuzzij7@blogger.com,Female,76.148.19.98
693,Shoshana,McIlhagga,smcilhaggaj8@ted.com,Female,157.229.205.217
694,Brewer,Critch,bcritchj9@ning.com,Male,57.139.143.137
695,Olav,Tollet,otolletja@eventbrite.com,Male,52.4.227.209
696,Perice,Wynter,pwynterjb@arstechnica.com,Male,111.106.122.25
697,Tiebold,Ceaplen,tceaplenjc@51.la,Male,53.252.76.201
698,Josee,Bolt,jboltjd@shutterfly.com,Female,104.180.21.207
699,Lexie,Fearn,lfearnje@nyu.edu,Female,72.79.43.171
700,Cash,Diplock,cdiplockjf@reuters.com,Male,230.124.212.67
701,Ivie,Plimmer,iplimmerjg@cyberchimps.com,Female,137.196.119.127
702,York,Aldins,yaldinsjh@blogspot.com,Male,88.132.197.39
703,Vernon,Donavan,vdonavanji@dell.com,Male,114.77.221.179
704,Rene,Neiland,rneilandjj@si.edu,Male,56.140.12.204
705,Tybalt,Roseburgh,troseburghjk@jugem.jp,Male,117.144.82.66
706,Gracie,Addington,gaddingtonjl@gravatar.com,Female,64.28.202.208
707,Reagan,Filson,rfilsonjm@mtv.com,Male,37.116.58.106
708,Muhammad,Godon,mgodonjn@wordpress.com,Male,3.31.173.3
709,Walker,Riggs,wriggsjo@usgs.gov,Male,21.3.239.40
710,Oliviero,Tuck,otuckjp@google.com,Male,203.144.35.114
711,Tildie,Kilby,tkilbyjq@opera.com,Female,114.194.92.181
712,Timmy,Keedwell,tkeedwelljr@t-online.de,Male,144.182.11.16
713,Tedie,Lyttle,tlyttlejs@opera.com,Male,119.79.10.125
714,Regan,Elverstone,relverstonejt@reuters.com,Male,110.185.33.19
715,Kendra,Greetham,kgreethamju@com.com,Female,215.243.18.195
716,Zolly,Marriner,zmarrinerjv@virginia.edu,Male,154.57.74.224
717,Gavan,Nutbeem,gnutbeemjw@wufoo.com,Male,44.3.56.217
718,Kristofer,Harlow,kharlowjx@wikimedia.org,Male,83.233.78.161
719,Denny,Mableson,dmablesonjy@elegantthemes.com,Female,150.96.174.230
720,Brnaba,McKiernan,bmckiernanjz@purevolume.com,Male,38.160.130.205
721,Findley,Whapple,fwhapplek0@shareasale.com,Male,203.43.151.245
722,Courtenay,Cianni,cciannik1@netlog.com,Female,121.87.60.106
723,Eduino,Dunkerton,edunkertonk2@nps.gov,Male,58.122.209.198
724,Uri,Carnegy,ucarnegyk3@soup.io,Male,204.246.78.62
725,Emmy,Bakeup,ebakeupk4@chronoengine.com,Female,93.17.255.27
726,Addy,Tomas,atomask5@arstechnica.com,Male,57.15.121.220
727,Hayes,Flobert,hflobertk6@apple.com,Male,137.60.134.217
728,Yale,Abeles,yabelesk7@aol.com,Male,14.80.188.35
729,Cesare,Filintsev,cfilintsevk8@economist.com,Male,88.26.190.168
730,Cammy,Dikels,cdikelsk9@nifty.com,Female,134.206.162.246
731,Kirstyn,Pirrie,kpirrieka@digg.com,Female,62.99.71.190
732,Jerad,Pettyfar,jpettyfarkb@photobucket.com,Male,131.176.41.227
733,Buckie,Machon,bmachonkc@over-blog.com,Male,90.26.226.211
734,Osgood,Duckels,oduckelskd@chicagotribune.com,Male,92.186.86.204
735,Crawford,Curtin,ccurtinke@senate.gov,Male,89.35.148.150
736,Yasmin,Toulmin,ytoulminkf@prlog.org,Female,232.210.29.205
737,Tommie,Corns,tcornskg@fastcompany.com,Male,63.95.151.82
738,Howard,Tumpane,htumpanekh@google.com,Male,245.27.217.51
739,Jori,Diffley,jdiffleyki@a8.net,Female,176.115.221.58
740,Yance,Gravett,ygravettkj@narod.ru,Male,26.95.151.232
741,Mercy,MacGeaney,mmacgeaneykk@cbsnews.com,Female,53.118.130.227
742,Annabal,Bowering,aboweringkl@hao123.com,Female,76.202.101.77
743,Art,Josephoff,ajosephoffkm@phoca.cz,Male,87.154.249.69
744,Gery,Lindroos,glindrooskn@java.com,Male,211.229.75.45
745,Farlie,Van Der Weedenburg,fvanderweedenburgko@phpbb.com,Male,26.70.40.211
746,Immanuel,Peete,ipeetekp@usgs.gov,Male,226.142.130.101
747,Ephraim,Waycott,ewaycottkq@mapquest.com,Male,136.146.169.107
748,Barry,Tibb,btibbkr@eepurl.com,Female,55.138.193.88
749,Daveen,Carncross,dcarncrossks@umn.edu,Female,112.228.105.240
750,Barbe,Blackett,bblackettkt@wiley.com,Female,149.198.179.54
751,Aloise,McAneny,amcanenyku@va.gov,Female,57.24.213.220
752,Clevie,Ullyott,cullyottkv@google.cn,Male,206.29.213.127
753,Anastasie,Larkings,alarkingskw@ucoz.ru,Female,83.5.122.14
754,Benson,Coye,bcoyekx@flickr.com,Male,141.112.34.80
755,Corabelle,Twinborne,ctwinborneky@geocities.jp,Female,198.122.47.202
756,Roderigo,Renouf,rrenoufkz@edublogs.org,Male,94.54.184.14
757,Theresa,Metrick,tmetrickl0@bizjournals.com,Female,86.172.84.166
758,Imogene,Ayto,iaytol1@usatoday.com,Female,108.197.93.156
759,Lauren,Parkinson,lparkinsonl2@deliciousdays.com,Male,86.119.138.180
760,Elisha,Petrishchev,epetrishchevl3@washingtonpost.com,Male,147.175.100.196
761,Piotr,Adshead,padsheadl4@jugem.jp,Male,6.49.96.0
762,Corey,Adlard,cadlardl5@icio.us,Male,122.161.161.164
763,Lianne,Bosnell,lbosnelll6@delicious.com,Female,63.71.233.62
764,Randie,Mallard,rmallardl7@scientificamerican.com,Male,248.101.142.175
765,Arline,Burberye,aburberyel8@cbslocal.com,Female,187.77.196.45
766,Rosemaria,Presswell,rpresswelll9@hibu.com,Female,23.17.147.136
767,Gerda,Hyland,ghylandla@deliciousdays.com,Female,134.224.5.218
768,Helene,Clacson,hclacsonlb@smh.com.au,Female,24.16.76.64
769,Tris,Beesey,tbeeseylc@ox.ac.uk,Male,30.4.23.68
770,Lucky,Harefoot,lharefootld@netvibes.com,Female,82.120.146.229
771,Kalle,Rudland,krudlandle@foxnews.com,Male,192.82.201.109
772,Sherie,Wanklin,swanklinlf@nps.gov,Female,86.132.44.185
773,Sisely,Ranner,srannerlg@printfriendly.com,Female,29.211.233.19
774,Dale,Gateman,dgatemanlh@networksolutions.com,Male,231.27.165.242
775,Ritchie,Scarbarrow,rscarbarrowli@dmoz.org,Male,239.179.12.183
776,Sinclair,Petschel,spetschellj@sciencedaily.com,Male,53.184.184.35
777,Elora,Allsobrook,eallsobrooklk@google.es,Female,99.87.80.38
778,Kerwinn,Castellino,kcastellinoll@nature.com,Male,130.223.194.63
779,Tadeas,Giovannacci,tgiovannaccilm@com.com,Male,178.181.173.206
780,Valeda,McSperron,vmcsperronln@google.com,Female,131.52.16.227
781,Skippy,Malsher,smalsherlo@buzzfeed.com,Male,97.42.39.141
782,Lavina,Troy,ltroylp@paginegialle.it,Female,230.11.182.150
783,Windham,Kilian,wkilianlq@bravesites.com,Male,183.56.65.215
784,Marsiella,Leedes,mleedeslr@yelp.com,Female,234.188.167.68
785,Mia,Edward,medwardls@parallels.com,Female,188.225.129.67
786,Brandi,Ordish,bordishlt@friendfeed.com,Female,128.139.112.250
787,Doloritas,Cluney,dcluneylu@uiuc.edu,Female,131.43.31.54
788,Alonzo,Portman,aportmanlv@go.com,Male,158.135.100.129
789,Cyrillus,Hebborn,chebbornlw@constantcontact.com,Male,55.145.40.56
790,Guido,Habershon,ghabershonlx@telegraph.co.uk,Male,132.228.63.39
791,Aubrey,Thwaite,athwaitely@cbc.ca,Male,178.118.68.255
792,Heath,Zanuciolii,hzanucioliilz@cmu.edu,Male,71.115.222.95
793,Berti,Leek,bleekm0@nationalgeographic.com,Male,244.217.72.140
794,Odille,Durno,odurnom1@comcast.net,Female,19.224.141.141
795,Byrle,Clampett,bclampettm2@prlog.org,Male,225.65.138.19
796,Devan,Ing,dingm3@bloomberg.com,Female,0.233.224.165
797,Fiorenze,Isenor,fisenorm4@hatena.ne.jp,Female,162.138.67.140
798,Codee,Dickings,cdickingsm5@hubpages.com,Female,110.155.74.209
799,Marlane,Espadero,mespaderom6@omniture.com,Female,7.119.165.177
800,Rodolfo,Siehard,rsiehardm7@weibo.com,Male,27.80.51.120
801,Lynna,Sacker,lsackerm8@artisteer.com,Female,129.225.7.92
802,Denni,Pothergill,dpothergillm9@csmonitor.com,Female,210.158.108.140
803,Rex,Mathewes,rmathewesma@gmpg.org,Male,63.144.41.89
804,Laurette,Tarney,ltarneymb@pbs.org,Female,140.162.163.181
805,Boot,Jockle,bjocklemc@gov.uk,Male,25.45.205.216
806,Drugi,Jakubowski,djakubowskimd@dion.ne.jp,Male,83.37.192.79
807,Meryl,Boxill,mboxillme@thetimes.co.uk,Male,58.48.244.36
808,Marabel,Pallant,mpallantmf@about.com,Female,229.134.91.172
809,Enriqueta,Messier,emessiermg@answers.com,Female,250.68.116.191
810,Anatola,Ammer,aammermh@freewebs.com,Female,200.142.0.13
811,Thom,Easlea,teasleami@usa.gov,Male,45.60.225.114
812,Eloise,Simonian,esimonianmj@furl.net,Female,179.84.240.57
813,Shurlock,Sighard,ssighardmk@constantcontact.com,Male,37.226.0.70
814,Earl,Kardos-Stowe,ekardosstoweml@howstuffworks.com,Male,48.196.126.126
815,Minor,Way,mwaymm@jugem.jp,Male,106.59.181.91
816,Arin,Targett,atargettmn@trellian.com,Male,38.248.12.224
817,Tommie,Oakden,toakdenmo@sogou.com,Male,126.82.59.7
818,Shalom,Northfield,snorthfieldmp@fastcompany.com,Male,30.2.127.170
819,Deanne,Lammerts,dlammertsmq@devhub.com,Female,196.147.47.129
820,Paddie,Dudbridge,pdudbridgemr@loc.gov,Male,78.94.38.15
821,Dillie,MacElane,dmacelanems@mapquest.com,Male,19.181.226.192
822,Lina,Sherwill,lsherwillmt@omniture.com,Female,204.4.175.239
823,Frederik,Bragger,fbraggermu@cnn.com,Male,112.98.27.148
824,Lanny,Mc Kellen,lmckellenmv@state.tx.us,Male,88.58.69.177
825,Halie,Nealand,hnealandmw@china.com.cn,Female,116.197.170.131
826,Clive,Fawson,cfawsonmx@spiegel.de,Male,46.65.121.213
827,Vanya,Kroll,vkrollmy@dailymail.co.uk,Female,171.15.191.148
828,Livvie,Bodley,lbodleymz@economist.com,Female,227.62.164.81
829,Genna,Hoodless,ghoodlessn0@homestead.com,Female,32.0.133.174
830,Harcourt,Monnoyer,hmonnoyern1@typepad.com,Male,79.126.56.48
831,Lizette,Salvatore,lsalvatoren2@indiegogo.com,Female,188.145.68.180
832,Juline,Mashro,jmashron3@wsj.com,Female,211.97.150.19
833,Osmund,Bleyman,obleymann4@unicef.org,Male,185.220.35.239
834,Dulciana,Shelper,dshelpern5@e-recht24.de,Female,237.255.36.60
835,Shelley,Dabinett,sdabinettn6@desdev.cn,Male,59.83.8.249
836,Fran,Tolson,ftolsonn7@nsw.gov.au,Male,75.238.45.233
837,Teddi,Dubber,tdubbern8@bizjournals.com,Female,91.12.169.26
838,Lucie,Strewthers,lstrewthersn9@hubpages.com,Female,219.185.241.30
839,Xenos,Bacher,xbacherna@arizona.edu,Male,122.232.8.252
840,Gert,Bearman,gbearmannb@marriott.com,Female,24.135.188.18
841,Solly,McEvon,smcevonnc@moonfruit.com,Male,92.57.11.78
842,Randie,Paur,rpaurnd@about.me,Male,232.252.178.50
843,Valle,Warke,vwarkene@google.pl,Male,235.126.183.199
844,Tabbie,Brompton,tbromptonnf@phoca.cz,Female,236.171.152.140
845,Hillery,Housiaux,hhousiauxng@goo.gl,Male,251.237.192.204
846,Tova,Fearon,tfearonnh@tuttocitta.it,Female,1.34.82.70
847,Liana,Itzkovici,litzkovicini@odnoklassniki.ru,Female,62.103.38.176
848,Debra,Grelik,dgreliknj@npr.org,Female,24.104.252.155
849,Bibi,Meininking,bmeininkingnk@gov.uk,Female,147.245.204.27
850,Dannie,Steart,dsteartnl@sun.com,Female,201.200.81.8
851,Merrel,Noseworthy,mnoseworthynm@icq.com,Male,198.223.162.88
852,Norris,Chaytor,nchaytornn@pcworld.com,Male,147.231.78.138
853,Juliette,Frantsev,jfrantsevno@patch.com,Female,124.188.103.72
854,Peria,Flement,pflementnp@fastcompany.com,Female,122.71.174.61
855,Juline,Rampton,jramptonnq@gravatar.com,Female,5.234.25.114
856,Amory,Stears,astearsnr@fastcompany.com,Male,245.36.120.211
857,Penelopa,Jervois,pjervoisns@mac.com,Female,52.249.207.124
858,Alie,Lampl,alamplnt@wordpress.org,Female,153.25.131.16
859,Ronica,Littlejohn,rlittlejohnnu@trellian.com,Female,76.27.245.23
860,Emmie,Ivamy,eivamynv@ocn.ne.jp,Female,88.142.193.99
861,Kirk,Dewick,kdewicknw@netvibes.com,Male,209.178.213.145
862,Jules,Tyrer,jtyrernx@fc2.com,Male,42.174.177.220
863,Catha,Culross,cculrossny@webmd.com,Female,101.221.70.8
864,Dyanna,Cornall,dcornallnz@noaa.gov,Female,92.190.9.154
865,Elnar,Lamshead,elamsheado0@pinterest.com,Male,59.160.57.93
866,Keriann,Kubas,kkubaso1@google.pl,Female,29.70.212.227
867,Twila,Scotchbourouge,tscotchbourougeo2@seesaa.net,Female,20.116.212.90
868,Ilyse,Heater,iheatero3@pagesperso-orange.fr,Female,202.184.36.115
869,Morris,Macvain,mmacvaino4@techcrunch.com,Male,129.74.8.196
870,Dru,Cahani,dcahanio5@cbsnews.com,Male,62.107.87.65
871,Jarrid,Townshend,jtownshendo6@prweb.com,Male,220.143.46.46
872,Teodorico,Ovendale,tovendaleo7@example.com,Male,108.198.38.241
873,Giorgi,Nevison,gnevisono8@nifty.com,Male,49.79.69.245
874,Jordana,Rego,jregoo9@mashable.com,Female,176.9.7.163
875,Morena,Tonbridge,mtonbridgeoa@nymag.com,Female,102.20.139.16
876,Suzi,Cattell,scattellob@ebay.co.uk,Female,122.8.163.112
877,Barri,Binks,bbinksoc@yellowpages.com,Male,185.113.24.39
878,Berta,Fatkin,bfatkinod@statcounter.com,Female,251.87.136.19
879,Drona,Ankrett,dankrettoe@pinterest.com,Female,150.130.178.193
880,Adina,Filippozzi,afilippozziof@merriam-webster.com,Female,98.143.29.187
881,Durant,Tracey,dtraceyog@buzzfeed.com,Male,136.117.243.29
882,Lenee,MacNeilage,lmacneilageoh@yahoo.co.jp,Female,235.135.35.246
883,Aida,Nannini,ananninioi@rakuten.co.jp,Female,213.241.201.14
884,Rani,Hughson,rhughsonoj@loc.gov,Female,177.46.176.238
885,Vanya,Hubback,vhubbackok@tinypic.com,Male,197.107.142.120
886,Huberto,Crampsey,hcrampseyol@prweb.com,Male,126.155.80.26
887,Rex,Danat,rdanatom@naver.com,Male,194.23.217.98
888,Allard,Diggell,adiggellon@list-manage.com,Male,115.156.78.235
889,Rufe,Wilbore,rwilboreoo@abc.net.au,Male,2.20.173.87
890,Terencio,Scotting,tscottingop@sakura.ne.jp,Male,63.104.26.106
891,Lauritz,Sabater,lsabateroq@prnewswire.com,Male,166.227.240.100
892,Murdock,Welland,mwellandor@godaddy.com,Male,88.221.0.221
893,Regina,Sarre,rsarreos@ted.com,Female,214.7.126.216
894,Cobb,Petracchi,cpetracchiot@bizjournals.com,Male,157.149.90.130
895,Hobart,Meni,hmeniou@craigslist.org,Male,55.191.34.16
896,Bibby,McAllister,bmcallisterov@icq.com,Female,218.53.2.165
897,Elka,Lomb,elombow@huffingtonpost.com,Female,38.17.16.246
898,Burgess,Varker,bvarkerox@cdc.gov,Male,19.13.39.208
899,Murdock,Harken,mharkenoy@dell.com,Male,218.203.84.41
900,Alley,Carthy,acarthyoz@phpbb.com,Male,18.1.56.121
901,Alphard,Labro,alabrop0@washington.edu,Male,2.101.251.194
902,Kynthia,Garman,kgarmanp1@home.pl,Female,111.190.204.31
903,Creigh,Dodswell,cdodswellp2@myspace.com,Male,45.161.133.82
904,Avrit,Usmar,ausmarp3@theglobeandmail.com,Female,150.7.137.247
905,Misti,Baguley,mbaguleyp4@163.com,Female,112.159.219.233
906,Herb,Castelijn,hcastelijnp5@purevolume.com,Male,44.109.78.184
907,Yovonnda,Airlie,yairliep6@amazon.co.uk,Female,194.124.67.79
908,Aguste,Cockell,acockellp7@biglobe.ne.jp,Male,82.136.237.138
909,Brent,Payley,bpayleyp8@alexa.com,Male,95.11.136.116
910,Shaun,Davidde,sdaviddep9@columbia.edu,Female,223.91.197.229
911,Jammie,Studdert,jstuddertpa@1und1.de,Female,26.231.125.200
912,Corette,Degoy,cdegoypb@flickr.com,Female,216.110.15.52
913,Dill,Holby,dholbypc@dion.ne.jp,Male,99.224.173.157
914,Hakeem,Kield,hkieldpd@newsvine.com,Male,226.82.120.116
915,Jeddy,Richard,jrichardpe@kickstarter.com,Male,169.101.55.160
916,Ferris,Stile,fstilepf@paypal.com,Male,96.160.48.127
917,Tiler,Brierly,tbrierlypg@nifty.com,Male,61.186.127.59
918,Penn,Nannizzi,pnannizziph@gnu.org,Male,13.25.224.130
919,Bridgette,Bilam,bbilampi@dot.gov,Female,231.113.91.6
920,Howie,Mallison,hmallisonpj@paginegialle.it,Male,122.123.197.135
921,Carly,Pocklington,cpocklingtonpk@usa.gov,Male,138.183.120.30
922,Aundrea,Ashton,aashtonpl@flickr.com,Female,5.67.201.249
923,Rubia,Wakerley,rwakerleypm@myspace.com,Female,25.76.16.133
924,Pepi,Beardsell,pbeardsellpn@sphinn.com,Female,5.241.6.108
925,Evelyn,Comino,ecominopo@illinois.edu,Male,65.58.249.140
926,Bernard,Naish,bnaishpp@tmall.com,Male,175.85.114.53
927,Stephani,Mattisson,smattissonpq@canalblog.com,Female,177.64.91.78
928,Gunar,Hodjetts,ghodjettspr@pollos.com,Male,237.152.14.108
929,Kristos,Cant,kcantps@chron.com,Male,195.210.28.200
930,Suzy,Woollaston,swoollastonpt@wiley.com,Female,75.75.17.194
931,Lyn,Pavlata,lpavlatapu@baidu.com,Female,119.138.136.169
932,Herbert,Smalcombe,hsmalcombepv@netlog.com,Male,147.182.116.226
933,Findlay,Eyrl,feyrlpw@ed.gov,Male,143.138.170.201
934,Creigh,MacCaughey,cmaccaugheypx@networksolutions.com,Male,91.173.49.0
935,Helaina,Gallahue,hgallahuepy@about.me,Female,13.55.181.99
936,Zsazsa,Davidge,zdavidgepz@nyu.edu,Female,117.90.73.167
937,Prudy,Martygin,pmartyginq0@narod.ru,Female,198.68.126.145
938,Roberto,Danihel,rdanihelq1@youtu.be,Male,95.115.219.5
939,Shadow,Krzyzowski,skrzyzowskiq2@tuttocitta.it,Male,230.65.217.225
940,Malissia,Stedmond,mstedmondq3@privacy.gov.au,Female,24.31.1.0
941,Gael,Capron,gcapronq4@edublogs.org,Male,189.199.165.16
942,Lyman,Landsman,llandsmanq5@cornell.edu,Male,112.63.68.29
943,Quentin,Bazoche,qbazocheq6@baidu.com,Male,92.107.162.101
944,Toma,Breton,tbretonq7@apache.org,Female,34.247.55.153
945,Kathlin,Mashal,kmashalq8@examiner.com,Female,116.95.101.93
946,Kalvin,McGow,kmcgowq9@comsenz.com,Male,222.97.6.183
947,Aidan,Moar,amoarqa@spiegel.de,Female,147.48.27.151
948,Parrnell,Oleshunin,poleshuninqb@sourceforge.net,Male,101.14.93.61
949,Haven,Skipworth,hskipworthqc@diigo.com,Male,243.69.82.168
950,Marsha,Chese,mcheseqd@ucoz.com,Female,7.91.99.194
951,Cass,Caldaro,ccaldaroqe@wix.com,Female,192.241.13.229
952,Guy,Seamans,gseamansqf@marketwatch.com,Male,166.111.219.116
953,Eward,Kinnier,ekinnierqg@studiopress.com,Male,172.230.65.107
954,Aimil,Gundrey,agundreyqh@homestead.com,Female,193.245.8.250
955,Deny,Copnell,dcopnellqi@ameblo.jp,Female,204.82.70.191
956,Mace,Jordine,mjordineqj@java.com,Male,24.195.151.103
957,Jackie,Van Daalen,jvandaalenqk@multiply.com,Female,20.20.65.164
958,Egan,Fellows,efellowsql@goodreads.com,Male,49.68.147.17
959,Manya,Leavry,mleavryqm@webeden.co.uk,Female,235.83.178.75
960,Reider,Welford,rwelfordqn@github.io,Male,208.94.9.116
961,Gweneth,Tremblay,gtremblayqo@instagram.com,Female,7.223.62.91
962,Jard,Kightly,jkightlyqp@youtube.com,Male,81.44.89.221
963,Bailey,Domel,bdomelqq@epa.gov,Male,33.30.187.21
964,Knox,Markwick,kmarkwickqr@lycos.com,Male,252.56.141.237
965,Murdock,Lauks,mlauksqs@artisteer.com,Male,187.88.158.139
966,Genevieve,McLarty,gmclartyqt@ibm.com,Female,25.236.30.102
967,Curtice,Shilstone,cshilstonequ@slate.com,Male,227.194.254.38
968,Arline,Wands,awandsqv@noaa.gov,Female,39.138.215.156
969,Corette,Eivers,ceiversqw@xrea.com,Female,113.68.66.43
970,Roshelle,Colquhoun,rcolquhounqx@amazon.de,Female,118.28.29.26
971,Vassily,MacDowall,vmacdowallqy@hhs.gov,Male,224.211.250.167
972,Brock,McInerney,bmcinerneyqz@soup.io,Male,66.17.188.173
973,Debbie,Funnell,dfunnellr0@godaddy.com,Female,213.95.98.222
974,Diarmid,Panswick,dpanswickr1@comcast.net,Male,50.232.190.180
975,Matthieu,Janicek,mjanicekr2@alexa.com,Male,254.109.125.100
976,Shirl,Healy,shealyr3@ed.gov,Female,115.113.252.66
977,Seka,Hun,shunr4@ucoz.com,Female,224.228.174.19
978,Ameline,Hinchshaw,ahinchshawr5@imageshack.us,Female,242.4.175.210
979,Dean,Oakshott,doakshottr6@exblog.jp,Male,102.68.135.150
980,Concordia,Barriball,cbarriballr7@ft.com,Female,9.23.40.33
981,Brandi,Duffy,bduffyr8@xinhuanet.com,Female,254.0.69.210
982,Essy,Prinnett,eprinnettr9@plala.or.jp,Female,52.154.186.54
983,Sarine,Fynes,sfynesra@xrea.com,Female,237.44.234.212
984,Nikos,Markwell,nmarkwellrb@quantcast.com,Male,87.202.229.79
985,Davon,Langham,dlanghamrc@sun.com,Male,130.109.30.215
986,Jodee,Manders,jmandersrd@amazon.de,Female,226.127.43.183
987,Nanine,Whiteoak,nwhiteoakre@newyorker.com,Female,94.219.239.225
988,Geoff,Goggen,ggoggenrf@yahoo.co.jp,Male,7.136.71.83
989,Catlin,Bottlestone,cbottlestonerg@nyu.edu,Female,151.185.12.235
990,Gerty,Crumb,gcrumbrh@nps.gov,Female,67.125.225.95
991,Jillayne,Thomasset,jthomassetri@dropbox.com,Female,142.200.219.48
992,Berk,Kunzelmann,bkunzelmannrj@tinyurl.com,Male,168.173.166.59
993,Auberta,Nosworthy,anosworthyrk@flickr.com,Female,178.123.142.250
994,Ediva,Durant,edurantrl@unesco.org,Female,81.169.165.240
995,Amandi,Ovesen,aovesenrm@gizmodo.com,Female,104.22.79.62
996,Dehlia,Kearney,dkearneyrn@bbb.org,Female,99.138.50.186
997,Hadria,Mickelwright,hmickelwrightro@imageshack.us,Female,17.135.86.32
998,Bernard,Drewitt,bdrewittrp@cornell.edu,Male,36.7.167.188
999,Lettie,Temby,ltembyrq@msu.edu,Female,234.151.67.72
1000,Winnie,Gamet,wgametrr@alexa.com,Female,162.44.201.65
